{"cameraMode":{"drawMode":0,"name":"Shaded","section":"Shading Mode"},"sceneLighting":false,"audioPlay":false,"sceneViewState":{"showFog":true,"showMaterialUpdate":false,"showSkybox":false,"showFlares":true,"showImageEffects":true,"showParticleSystems":true},"in2DMode":false,"pivot":{"x":4.374222755432129,"y":10.602538108825684,"z":18.049455642700197},"rotation":{"x":-0.2025340348482132,"y":0.14050866663455964,"z":0.029327133670449258,"w":0.968789279460907},"size":6.633103847503662,"orthographic":false}