{"cameraMode":{"drawMode":0,"name":"Shaded","section":"Shading Mode"},"sceneLighting":false,"audioPlay":false,"sceneViewState":{"showFog":true,"showMaterialUpdate":false,"showSkybox":false,"showFlares":true,"showImageEffects":true,"showParticleSystems":true},"in2DMode":false,"pivot":{"x":0.6400501728057861,"y":9.153034210205079,"z":-0.6113719940185547},"rotation":{"x":0.23729784786701203,"y":-0.6215862035751343,"z":0.20537923276424409,"w":0.7177779674530029},"size":8.412004470825196,"orthographic":false}